iter	RMSEWithUncertainty
0	6.092873187
1	6.008502568
2	5.936241502
3	5.875564361
4	5.821249364
5	5.767106603
6	5.717584793
7	5.677243306
8	5.638067081
9	5.600424864
