iter	RMSE
0	69.41857853
1	50.76947764
2	41.96139554
3	38.59154471
4	36.17690538
5	34.61805743
6	33.5792598
7	32.50328629
8	31.84091235
9	31.05175318
