,MAE,R2,RMSE,bias
fold0,14.486512445332268,0.9087951591162966,29.41901933121353,-2.869009589475589
fold1,13.737977573835801,0.9362502066425467,27.03127181419815,1.9356968496027869
fold2,16.86752361713238,0.8937112650911988,42.113012831699145,0.9906633851609141
fold3,15.541031266837885,0.8810024413823137,34.74753820303892,-2.926271768487323
fold4,18.531972563868656,0.9084283888257031,45.306378460736376,4.984511063202603
avg,15.833003493401398,0.9056374922116117,35.72344412817722,0.4231179880006783
