,MAE,R2,RMSE,bias
fold0,17.287981508993653,0.8989694033720672,30.963190550905058,-3.2442232737016603
fold1,16.267072181925283,0.9319094274516457,27.9364091051166,1.9263311734279067
fold2,21.339673335900006,0.8238690515074225,54.21138846576161,-2.2528262462269533
fold3,19.23920555802458,0.8572107075924122,38.06298432511883,-2.5426222375872065
fold4,20.601981810202258,0.8764087421403963,52.634778163871474,7.991634956007388
avg,18.947182879009155,0.877673466412789,40.761750122154716,0.375658874383895
